USER,DATE,STAR,LIKE,TITLE,REVIEW
차오름🌕,2022-01-16 20:00:34-07:00,5,0,앱 메모장 만들어 주세요,"진료기록 볼 수 있어서 너무 좋아요. 따로 관리할 필요 없이 건보랑 연결되어서 편하고요. 근데 진료 상세 내역은 알 수 없으니, 해당 진료 기록에 개인적으로 어떤 진료 받았는지 적을 수 있는 메모장을 활성화 해주면 더 좋을 거 같아요. 개발자님, 이 부분 고려해주세요~ :)"
봄이첫째언니,2021-12-17 19:31:47-07:00,5,0,좋습니다!,진작에 알았다면 좋았을 것을 ㅠㅠ
후니정,2021-12-17 11:39:43-07:00,5,0,마이데이타를 이용한 서비스 메디팡팡!!!!,"금융권에서만 사용하는 기술인 줄 알았던 
마이데이타를 이용해 의료기록을 보여주니 놀랍습니다. 
오래 사용할 수 있을 듯 합니다.^^
코로나19 시대에 걸맞는 비대면진료 서비스까지…
위치기반을 이용해 주변 병의원이 겸색이 되면 좋겠고 
가족 인증을 통해 가족의 보험 청구 서비스도 되면 좋겠습니다. 특히 미성년자 자녀들…"
김윤주 😄,2021-12-17 07:06:16-07:00,5,0,좋아요,괜찮은 앱같아요
수니11,2021-12-17 07:03:46-07:00,5,0,사용하기 편하네요:),처음 써봤는데 사용하기 편해서 자주 이용할것 같습니다~
김희진 유리유니,2021-12-17 06:02:37-07:00,5,0,기대되여~,메디팡팡 유용하게 사용할 수 있기를 바라요😍
킴뜽,2021-12-17 06:00:06-07:00,5,0,건강이 팡팡!!,내가 어떤 약을 복용했었는지 연동이 되서 까먹어도 다시 볼 수 있다는게 큰 장점이라고 생각합니다. 그리고 예전에는 생각도 못한 비대면으로 진료를 보고 약을 처방받을 수 있다는 게 이 시국에 적합한 어플인것 같아요!! 직장인이 되고 나서 연차안쓰면 병원진료도 보기 힘들다는지 이제야 이해가 갔는데 이런 어플이 나와서 다행이고 세상이 편리해지고 있네요!!
하이루321,2021-12-17 05:10:54-07:00,5,0,너무 좋아요!,요즘 같은 시대에 비대면 진료도 최고고 코로나도 심각해서 나가기도 사실 꺼려지는데 좋은앱 만들어주셔서 감사합니다 ㅜㅜ
픽미애스타,2021-12-17 05:00:48-07:00,5,0,너무 간편하고,편해보입니다 앞으로 잘 이용할게요
푸링이2,2021-12-17 04:27:57-07:00,5,0,사용하기넘 좋네요,애용할개용
itsukey82,2021-12-17 04:22:40-07:00,5,0,건강 진료기록 한눈에 정리,병원 풀에 대해서는 좀더 폭넓게 향후 확장될거라 기대합니다 한번에 기록을 불러와 관리할 수 있어서 통합적 관리 차원에서 그 취지가 우수한 어플이라고 생각함
꼬부라아아,2021-12-17 03:32:03-07:00,5,0,간편한 이용! 실용성 굿!,진료 볼때 오랜 시간 기다리며 여러사람과 접촉되느냐 걱정이 많았는데 비대면으로 인해 간편하고 쉽고 빠르게 진행 되어 너무 좋습니다
준와와,2021-12-17 03:29:58-07:00,5,0,좋아요,비대면으로 편하게 진료기록 볼수있어서 너무 좋아요!!:)
포테이토28,2021-12-17 03:21:39-07:00,4,0,기술 발전 👍🏻,코로나 시국 덕에 이런 어플이 개발되어 편리하네요~ :)
주눙이,2021-12-17 03:18:15-07:00,5,0,최고에여,내 건강진료  또 비대면 서비스라 더욱 믿음이갑니다
은경E,2021-12-17 03:09:11-07:00,5,0,좋은앱이네요.,"코로나시대에 병원가는게 마냥 쉽지않은데.
좋은앱이에요.좋아요."
ebbylll,2021-12-17 02:40:21-07:00,5,0,신기해요,"늦은시간까지 일해서 병원 못갈때도 많은데, 편리할곳 것 같아요 !"
책바구니,2021-12-17 01:54:42-07:00,5,0,앱리뷰,알찬 건강상식과 비대면 진료까지 완벽해요!!
폴짝새록,2021-12-17 01:01:39-07:00,5,0,편리 굿,의료정보 한번에 볼 수 있어서 편하고 좋은 것 같아요.
기매연1,2021-12-16 23:09:44-07:00,5,0,좋아요,간편하게 잘 되어있어요
쥬우우우우우,2021-12-16 22:54:19-07:00,5,0,메디팡팡추천,한번에 의료관리 편리합니다. 비대면 진료까지 넘 좋아요
지호222,2021-12-16 22:04:33-07:00,5,0,사용하면 좋습니다,사용하면 너무좋습니다 주변에서 사용해보라해서 깔았어요
ㅇㅇ혀나,2021-12-16 22:00:17-07:00,5,0,꼭 필요한 서비스!,"살면서 병원을 안 갈순 없으니😂
꼭 필요한 서비스들만 모아둔 앱인것 같습니다
넘 유용해여!!!"
rladmswl24,2021-12-16 21:49:23-07:00,4,0,좋아요,"메디컬 데이터를 한눈에 볼수 있다니,,, 너무 좋네요"
소랄라,2021-12-16 21:13:02-07:00,4,0,새로운정보,새로운 정보를 알게되었습니다
dmsdk11213,2021-12-16 21:09:25-07:00,5,0,짱짱 좋아요,"비대면 진료예약이 댑악이에오 ,, 개킹받는 요즘 시국에 이거만한 앱이 없는듯요 ㅎㅎㅎ"
sarownc,2021-12-16 20:25:40-07:00,5,0,메디팡팡 신규,한눈에 볼수 잇어 편리합니다
Ndkdksl,2021-12-16 20:19:46-07:00,5,0,좋아요,간편하고 편리해서 좋은거 같아요
쇼기러브,2021-12-16 19:20:15-07:00,5,0,편하고 좋아요,보기도 편하고 이용하기도 좋네요 :)
탄두리쥬와,2021-12-16 18:48:16-07:00,5,0,리뷰합니다,내가 먹은 약이 다 저장되어있어 편리하고 좋네요
choyonggi,2021-12-16 18:39:45-07:00,5,0,조아요,잘써보겠습니다!!!!!!
Chloeko15,2021-12-16 18:38:36-07:00,5,0,편리해요!,이런 앱이 있었다니 자주이용할게요!
SJ_G31,2021-12-16 18:10:40-07:00,5,0,앱이 깔끔하고 보기 좋아요.,건강 관련 앱으로 가지고있기 좋을것 같습니다.
균빠횽,2021-12-16 17:02:47-07:00,5,0,좋은앱^^,앞으로 더 좋게 해주세욥
lovehujjeong,2021-12-16 16:50:30-07:00,5,0,요즘 시국에 유용하게 쓸 수 있는 앱✨,"요즘 같은 시국에 병원갈 일도 많은데 서류 같은 거 일일히 병원에서 발급 받을 필요 없이 앱 하나로 해결되니까 너무 유용해요 ! 건강 기록도 다 볼 수 있어서 의사선생님께 제 상태를 더 자세히 설명할 수 있구요 ㅎㅎ
메디팡팡 강추 🌸"
엣지남이에요,2021-12-16 07:59:14-07:00,5,0,꼭 필요한 어플이었습니다,기존에 없던 새로운 어플. 건강 관리를 할 수 있는 정말 유용한 어플입니다
fundsssss,2021-12-16 07:50:44-07:00,5,0,사용하기 편리한 앱,"이런 앱을 미리 알았다면 더 편했을텐데요!
사용하기 편리하게 되어 있어서 쉽고 좋네요 ㅎ"
우샤인bolt,2021-12-16 07:31:35-07:00,5,0,이시대에 진짜 필요,바쁘다는 핑계로 잊고 지냈던 건강기록을 모아서 보여주는 서비스. 너무나도 필요하고 원했던 거에요.
세이형아,2021-12-16 04:19:49-07:00,5,0,유익해요,좋아요~~
Br침대,2021-12-16 03:13:31-07:00,5,0,좋아요,어플 좋아요
능안사,2021-12-16 01:30:48-07:00,5,0,비대면 진료가 너무 편리해요,요즘 병원가기 무서운데 비대면으로 진료받을 수 있어서 너무 좋습니다
달님:),2021-12-16 00:52:46-07:00,5,0,편리성 추천,"병원 여러 군데 다니면 매번 자료 요청하기 귀찮았는데 이렇게 한 번에 볼 수 있는 어플이 있다니, 세상 좋아졌네요 ㅋㅋㅋ 앞으로 더 많은 병원들에서 가능해지면 좋겠어요!"
부효,2021-12-16 00:46:24-07:00,5,0,편리함,편리하고 매우좋은것같아요
뀨뀸꺄꺄,2021-12-15 23:05:02-07:00,5,0,좋아용,비대면 진료가 더욱 확대되길 💪😄
맛있는윙,2021-12-15 22:07:20-07:00,5,0,너무 좋은 앱이예요,코로나시대에 비대면 진료가 가능하다니 너무 좋아요. 게다가 내가 진료했던 기록도 한꺼번에 모아 볼 수 있어서  편리합니다
ddaddasy,2021-12-15 22:00:04-07:00,5,0,메디팡팡 좋아요!!!👍🏻,요즘 코로나때문에 병원가기도 꺼려지는데 비대면 진료도 가능하고 건강기록도 확인할 수 있어서 너무 좋은것 같아요👍🏻👍🏻
sungae68,2021-12-15 21:21:47-07:00,5,0,좋아용,좋아용
뚱이제이,2021-12-15 19:58:59-07:00,5,0,한눈에 보기 너무 좋네요^^,가입부터 명쾌하고 눈에 딱 들어와서 사용하기 너무 좋네요^^ 추천해요!
gesturelife,2021-12-15 19:20:45-07:00,5,0,편하겠네요,둘러보고 있는데 이용하기 편한 서비스로 보이네요
비온뒤개미,2021-12-15 18:52:50-07:00,5,0,좋아요,건강 앱완젼 추천 좋아요
kami81-체리,2021-12-15 16:30:50-07:00,5,0,편하네요^^,많은 병원이 올라오면 좋겠어요^^*
드래곤이뿔이났어,2021-12-15 16:20:09-07:00,5,0,앱이 유용합니다.,"전 제가 먹는 약을 꼭 검색해 보는 데 이젠 안해봐도 되겠네요. 
 하지만 약 성분을 자세히 좀 알려주시면 감사하겠습니다."
Hemtube,2021-12-15 15:33:34-07:00,5,0,메딩팡팡 리뷰,사용하기도 쉽고 편리해서 좋네요
sooseok,2021-12-15 08:20:20-07:00,5,0,코로나 상황에 너무 편리하네요.,내 건강기록 한눈에 볼수도 있고 비대면 진료도 가능해서 너무 좋아요. 앞으로 더욱 많은 의료서비스 기대되네요!
양스터5,2021-12-15 07:10:00-07:00,4,0,실용적이네요 !,"과거 기록도 한번에 볼 수 있고,
깨끗하고 한 눈에 들어오는 UI가 맘에 들어요 !"
박어사,2021-12-15 06:44:56-07:00,5,0,클릭한번에 건강기록 가져오네요,"간편하게 클릭한번에 건강기록 가져오네요
좋아요"
웃자쫑,2021-12-15 06:38:36-07:00,5,0,좋네요~,사용하기 편리하고 좋아요~~
ritania3223,2021-12-15 06:13:57-07:00,4,0,편하게 사용가능해서 좋아요.,"쉽게 가입해서 사용이 가능할꺼 같아요. 
부모님들도 큰어려움 없이 접근할수 있은점도 좋고
비대면 서비스 예약도 사용쉽게 되어 큰도움이 될꺼같아요."
miyo999,2021-12-15 06:10:15-07:00,5,0,메디팡팡 앱 너무 편하고 좋네요~^^,"3차 대학병원 진료를 보기위해선 매번 1차 의료기관방문해서 의사소견서 발급해하는 번거로움이 발생했는데,, 이런 불편함을 최소화하고 스마트진료로 간편화 한다니 너무 좋네요~^^ 내 건강기록을 공유하는 스마트 진료로 최상의 맞춤형 진료서비스를 받을수 있고, 무엇보다 코로나 이 시국에 맞는 비대면 진료가 가능하다는점이 가장 큰 장점으로 보입니다. ㅎ 메디팡팡 앱이 지금보다 좀더 활성화된다면, 이용자들이 현 의료 시스템보다 편리하게 사용할수 있는 이거야말로 최상의 의료서비스가 아닐까라는 생각을 해봅니다 ~^^ 메디팡팡은 현 의료계에서는 최적의 어플입니다 !!"
한우하나,2021-12-15 05:37:53-07:00,4,0,좋아요~!,"비대면 진료도 가능하고, 진료봤던 내용들도 볼 수 있어 유용힙니다! 도 많은 병원이 참여했음 좋겠어요☺️"
ksj0505x,2021-12-15 05:08:41-07:00,5,0,메디팡팡,주변 사람들이 사용해보라고 해서 깔았어요.
dpflao51,2021-12-15 05:07:49-07:00,5,0,칭찬합니다 !!,"비대면 서비스가 있어서 너무 좋아요 🤍🤍
앱 유용하게 쓸 것 같네요"
미니쁘잉,2021-12-15 05:05:20-07:00,5,0,너무좋아요,진료기록을 한눈에 볼수잇어서 너무 편하네요! 비대면진료로 정말 간단합니다
혜용용용,2021-12-15 04:43:44-07:00,5,0,만족해요,앞으로 건강관리 유용하게 잘 할 수 있을거같아요!
ljs2219,2021-12-15 04:31:05-07:00,5,0,간편해요,건강기록을 한번에 파악 가능해요
우어이이잉,2021-12-15 04:11:36-07:00,5,0,메디팡팡 칭찬해요,"메디팡팡 칭찬합니다 
어플 중 유용해요"
뚜투루푸,2021-12-15 04:02:46-07:00,4,0,리뷰용,잘사용하겠음
첫번째 ㅎㅎ,2021-12-15 02:49:22-07:00,5,0,모든 정보를 한번에,볼수 있다는 점이 매력적이네요
구매자입니당!!,2021-12-15 02:44:39-07:00,5,0,메디팡팡 최고,코로나 시대에 병원가기가 제일 꺼려지기도 하고 또 한번 방문하기가 참 번거로운데 메디팡팡으로 진료기록 확인도 가능하고 비대면 진료까지 가능하다니 넘 유용하고 좋은 어플이에요!
zooya81,2021-12-15 02:23:07-07:00,5,0,비대면 진료가 가능한 유용한 앱,"코시국에 걸맞게 비대면 진료가 가능하네요.
의료기록을 가져올 수 있는 기관이 더 많아지면 더 유용하겠어요~^^"
mingvely,2021-12-15 02:12:40-07:00,5,0,메디팡팡 좋아요,내 진료기록이랑 건강기록을 한번에 모아보고 확인할 수 있어서 좋아요.비대면 병원 진료도 볼 수 있어서 좋은 어플인거 같아요
상바기,2021-12-15 01:56:41-07:00,4,0,편한 서비스,편한 서비스! 좋은 서비스 감사해요
S CY,2021-12-15 01:38:34-07:00,5,0,진료기록을 한 눈에,볼 수 있어서 좋아요! 편하고 유용합니다^^ 건강체크를 바로바로 할 수 있어서 넘 좋은거같아요
정민민이,2021-12-15 00:10:08-07:00,5,0,좋아요,어플 너무 유용하게 잘 쓰고있어요
쇼니호이,2021-12-14 23:56:13-07:00,5,0,유용한 어플같아요,유용한 어플인거 같아요 잘 사용할게요
qhfksdl18,2021-12-14 23:45:40-07:00,5,0,좋아요,"건강 기록을 한번에 볼수있어 편하고 좋습니다 
비대면이 현실화 되다니 응원합니다^^"
혤이22222,2021-12-14 23:18:57-07:00,5,0,편리한 어플이네요😃,추천합니다
설탕맛아깽이,2021-12-14 23:16:03-07:00,5,0,비대면 진료,스마트 진료 좋은거 같아요 !!
레오디카,2021-12-14 23:06:30-07:00,5,0,편리한 건강도우미 메디팡팡!,건강기록을 불러 올 수 있어서 편하고 비대면 진료기능까지 스마트한 건강 도우미 앱입니다!
꿀이사랑아빠,2021-12-14 22:24:15-07:00,5,0,비대면으로도 진료를 볼 수 있다니😀,코로나 시대에 살면서 비대면으로도 가능하다는 점이 참 좋은 것 같습니다. 앞으로도 유용한 기능 기대가 됩니다.
하루랑팡이,2021-12-14 22:06:11-07:00,5,0,편하고 좋네요,자주 이용할거같아요 ㅎㅎ
moonlight24/7,2021-12-14 22:00:20-07:00,5,0,기대됩니다,병원에 가지 않고도 상담이나 진료를 받으면 편하겠네요
하호6557,2021-12-14 21:53:09-07:00,5,0,좋아요😊😊,저의 건강기록을 잘 정리해서 더 건강한 삶을 살 수 있을 것 같습니다!
hj8917,2021-12-14 21:38:03-07:00,5,0,굿이에요,굿굿
땡땡구리12,2021-12-14 21:13:37-07:00,5,0,앱이 아주 훌륭해요,렉도 안 걸리고 편리해요! 훌륭한 앱이네요 자주 이용할게요
꾸잉잉잉,2021-12-14 20:45:32-07:00,4,0,여즘딱필요한,요즘딱필요한앱이어서 다운!
번개맨07,2021-12-14 20:40:09-07:00,5,0,열심히 사용할께요,"열심히 사용할께요~
병원 자주 다니지 않지만, 기록이 남아 있으니 편할것 같습니다"
찐찌니니닝,2021-12-14 20:27:18-07:00,5,0,몸관리 최적화되있음,잘 사용할게요 감사합니다
초이아름,2021-12-14 20:04:38-07:00,5,0,앱이 간편합니다,가입도 편하고 이용도 간단하게 잘되어있네요!
수봉22222,2021-12-14 20:03:49-07:00,5,0,편리한앱,편리하고 유용한앱이예요
에헤라디야이,2021-12-14 19:13:59-07:00,5,0,편리하네요,이런 앱이 있는지 몰랐는데 너무 좋아요
다라서,2021-12-14 19:06:41-07:00,5,0,쓰기 참 편리하네요,화면 구성도 좋고 쓰기에 참 편리해서 자주 사용하고 있어요
징가님,2021-12-14 18:55:25-07:00,5,0,완전 편리해요,"비대면 진료도 가능하고
한눈에 볼 수 있어서 넘 편해요😄"
bb2600,2021-12-14 18:40:22-07:00,5,0,칭찬해요,"건강기록을 한눈에 볼수  있어 좋으네요
공유가능한 의료기관도 점점 많아졌으면  좋겠어요!"
민굥ㅣㅎ,2021-12-14 18:31:58-07:00,5,0,좋아요,코로나 시기에 비대면으로 간단하게 건강체크와 진료를 받을 수 있다는게 참 좋아요
우땅99,2021-12-14 18:24:59-07:00,5,0,아주훌륭한앱,인걸 같아용 많이 사용할게영 ㅎ
아기새짝꿍,2021-12-14 18:16:57-07:00,5,0,편리한 앱,비대면진료 뿐만 아니라 보험금청구가 간편하게 되네요
내가갈까잉!!,2021-12-14 18:01:49-07:00,5,0,모든 메뉴가 직관적으로 되어있어서 편하네요,간단하게 어르신들도 사용가능하네요
danmisy88,2021-12-14 17:59:15-07:00,5,0,편리할 거 같아요,지인 추천으로 가입했는데 화면 깔끔하고 편리하게 사용할 수 있을 거 같아요
yu94g6uy,2021-12-14 17:50:58-07:00,5,0,좋아요,보기 좋게 잘 정리되어있어요
복숭아군요,2021-12-14 16:44:20-07:00,5,0,편리해요,빠른거 같아요.
우카야캉,2021-12-14 16:27:54-07:00,4,0,이제 대세는 비대면진료,이제 대세는 비대면 진료!
날개사랑,2021-12-14 16:22:22-07:00,5,0,짱짱,보험회사 청구 편하고 비대면 예약도 좋네요
아리카스,2021-12-14 16:02:43-07:00,5,0,한눈에 볼 수 있는 의료 정보,한눈에 다 알아볼 수 있고 약처방도 볼 수 있어 매우 유용한듯 합니다
호야00001,2021-12-14 15:59:55-07:00,5,0,메디팡팡 추천해요,"편리하고 앱화면이 쉽고 보기 좋아요
비대면 기능도 좋아요"
김다애 페이스북,2021-12-14 15:58:10-07:00,4,0,Ui가 깔끔해서 좋네요,어른들도 무난하게 쓸 수 있을것 같네요
후니다해,2021-12-14 15:51:34-07:00,5,0,아주좋아요~^^,스마트 진료를 통해 나의진료기록을 볼수있어 좋았고 계속 업그레이드되어 보험금청구의 기능이 활발해지면 좋겠습니다.
신라면세점굿굿,2021-12-14 15:06:08-07:00,5,0,이런 어플 좋아요,코로나 시대에 진료를 비대면으로 할 수 있는 어플 정말 필요했어요
훗훗훗~-_-,2021-12-14 15:05:12-07:00,5,0,메디팡팡 좋아요~,저도 아이를 키우고 있는데요 아이가 아플때 이런 어플 너무 도움이 많이 되요 오래오래 유지됐으면 좋겠어요~
지중해물고기,2021-12-14 14:52:08-07:00,5,0,굿!,비대면 진료 기능과 처방받은 약에 특정 질병에 안전하지 않은 성분이 포함되었는지 확인해주는 기능이 있어 좋네요~!
urban9999,2021-12-14 14:35:21-07:00,5,0,앱 사용 편리,앱이 깔끔하고 쉬워서 좋아요
뭐냐 닉넴자꾸중복이래;;,2021-12-14 13:40:11-07:00,5,0,정말 편리하고 좋은어플 같아요,"보험금 청구도 가능하고
내가 처방받은 약이 어떤건지도 검색할수 있네요 
제가 약 알러지가 있어서 매번 따로 검색하는데 좋네요
보험사가 더 늘어나면 좋겠어요"
명랑영아,2021-12-14 13:07:31-07:00,5,0,비대면 시대에 유용한 앱,"건강관리앱답게 일단 깔끔합니다. 
일일이 진료기록과 처방약에 대해 기록하지 않아도 되어편리하며 보험청구까지 앱하나로 마무리할 수 있어 좋습니닺"
방방장군,2021-12-14 12:04:15-07:00,5,0,이용하고 싶은 앱,"스마트진료, 비대면진료, 건강서비스 등 이용하고 싶은 항목들이 많고 앱의 첫 인상이 깔끔하네요."
인어프,2021-12-14 11:53:23-07:00,5,0,좋아요,"앱도 깔끔하고 눈이 편해요.
또 이용이 쉽게 되어있어 좋습니다."
김윤주13,2021-12-14 10:28:17-07:00,5,0,좋은 앱,앞으로 유용하게 쓰게 될 것 같네요^^
삭제부탁드립니당,2021-12-14 09:24:12-07:00,5,0,비대면진료부분 너무 좋은것 같아요.,코로나19로 인해서 직접 병원에 가는게 꺼려질때가 많은데 비대면진료부분이 있어서 편리하고 좋아보여요^^
Flyhigh^^,2021-12-14 09:09:06-07:00,5,0,맞춤 건강 팡팡,건강기록을 모아서 스마트하게 맞춤진료 가능해서 좋아요. 다양한 건강 서비스와 쉽게 이용 가능해서 자주 사용할거 같아요.
sodoboo,2021-12-14 07:56:35-07:00,5,0,오 너무 유용한 어플!,잘 쓸것 같아요~!!
쟝다,2021-12-14 07:53:30-07:00,5,0,좋아요,디자인도 깔끔하고 좋네요ㅎㅎㅎ
물물ㅇ너먀,2021-12-14 07:38:18-07:00,5,0,건강 기록 확인 어플 추천,한눈에 볼 수 있어서 편해요 ~.~
Soljeu,2021-12-14 07:38:17-07:00,5,0,좋아요,한번에 보니 쉽고 사용하기 편리한거 같아요
귀찮게무슨별명이지,2021-12-14 07:28:58-07:00,5,0,요즘 시기에,알맞는 유용한 어플 같습니다~! 비대면 진료 가능한게 정말 좋네요.
aeroserp,2021-12-14 07:23:57-07:00,5,0,메디팡팡,정말 유용한 앱인 것 같아요
무슨별명을쓰란거야,2021-12-14 07:23:17-07:00,5,0,병원자주가는사람들에게 추천합니다,진료기록을 확인할수있어서 편하고 좋아요
다른 어플 없나,2021-12-14 07:20:30-07:00,4,0,깔끔하고 쉬워요,"진료 기록도 한 번에 볼 수 있고 어플이 복잡하지 않아요
비대면 진료는 코시국에 딱이예요"
꽁쟝,2021-12-14 07:20:18-07:00,5,0,감사합니다,좋은 어플 감사합니다
민서엄마ㅡㅅㅡ,2021-12-14 07:19:48-07:00,5,0,좋아요.,내 건강기록도 한 눈에 확인할 수 있고 비대면 진료도 받을 수 있고! 여러 가지 아주 편리한 기능이 많아서 좋아요!
샴페인둥둥,2021-12-14 07:17:37-07:00,5,0,좋아요,유용한 어플입니다
김ㅅㅔ우,2021-12-14 07:14:58-07:00,5,0,진료기록 모아 볼 수 있어서 좋아요~,저도 도움 되지만 부모님께 더 도움 많이 될거 같아요~ 나중에 조금 더 업데이트 되면 깔아드리려구요~
호홀옹,2021-12-14 07:09:46-07:00,5,0,만족스럽습니다,진료기록을 한번에 모아서 본다는게 신기하고 자주 쓰면 유용할거같아요
퍼즐처돌이,2021-12-14 07:05:10-07:00,5,0,병원에 안가도 간편하게 진료 받을 수 있다니,"사실 요즘 코로나 때문에 병원 가는 것도 괜히 꺼려지고,, 또 막상 진료받으러 가도 코로나 감염 예방 차원에서 직접적으로 진찰 안봐주시기도 하잖아요(ex이비인후과에서 마스크 벗고 목 안쪽 진찰해주시는 것 등),, 저는 기관지 때문에 사계절 내내 고생하는 사람인데 이렇게 직접 봐주지도 않는데 뭣하러 시간내서 병원오지?했었거든요. 근데 이런 비대면진료 앱이 점점 많아져서 넘 좋아요,,!! 다른 앱이랑 차별점이 있다면 내 진료 내역을 굳이 말하지 않아도 의사가 다 볼 수 있다는 점인 것 같아요. 앞으로 더 많이 이용해보겠습니다"
도리도리블리,2021-12-14 07:03:41-07:00,5,0,비대면 진료,복용 약도 한번에 볼 수 있어 좋아요
이진아2,2021-12-14 06:55:51-07:00,5,0,유용해보여요,어플도 직관적으로 잘 되어있고 구동도 원활하게 잘 되네요
민두:),2021-12-14 06:55:12-07:00,5,0,좋아요,방문한 병원이나 처방받은 약들을 한번에 볼 수 있어서 좋아요! 앞으로도 잘 사용할 것 같습니다!
babehodu,2021-12-14 06:55:12-07:00,5,0,"코로나19시국, 안정한 건강관리앱",비대면진료로 요즘같은 바이러스 위험 시대에 아주 적합한 의료 서비스입니다👍🏻
그레이7,2021-12-14 06:53:42-07:00,4,0,건강기록지 볼 수 있어서 좋아요!!,"건강기록지 볼 수 있고, 간편하게 보험 청구 가능해서 좋아요~ 한번 사용해보세요!"
youjarha,2021-12-14 06:53:38-07:00,5,0,간편하게 관리,처방약 정리 및 예약을 편리하게 할 수 있어서 좋아요
상윤니이니이이이,2021-12-14 06:49:04-07:00,4,0,편한거같아요,비대면이 있어서 편하고 간편해서 좋네요 say3003003
나나느ㅏㄴ,2021-12-14 06:45:07-07:00,5,0,너무 편리하고 좋아요!!,너무 편리하고 좋아요!
덕쓰22,2021-12-14 06:42:53-07:00,5,0,메디팡팡 앱 좋네요,"스마트진료를 통해 내 건강기록을 간편하게 의사하게 전달할 수 있고
비대면진료로 예약도 할 수 있고 만족하며 쓰고 있습니다
아직까진 별다른 오류도 없고 앱이 깔끔해서 쓰기 편하네요^^"
ㅡㅎ흐ㅡㅡ,2021-12-14 06:42:17-07:00,5,0,너무좋아요,편리하고 좋네용
bluenoh,2021-12-14 06:39:56-07:00,5,0,이제 정말 건강하게 살수 있겠네요,이런 앱을 정말 찾고 있었는데 딱 출시가 되었네요. 정말 잘 사용할게요. 감사합니다.
kmkmv,2021-12-14 06:37:53-07:00,5,0,건강관리가 쉬워질 것같아요,기대됩니다
SYJ01,2021-12-14 06:33:38-07:00,5,0,굿굿,굿굿
봄이도로시,2021-12-14 06:27:11-07:00,5,0,코로나시국에 필요한 비대면 진료!,"다른 앱에서도 비대면 진료 사용해봤는데 이 어플이 더 좋은것같아요 ㅎㅎ 건강기록도 할수있고 메뉴가 세분화되있어서 편리할것같네요
코시국에 간단한 진료 볼때 꼭 필요한 어플입니다!"
aaasd124,2021-12-14 06:25:19-07:00,5,0,좋네요,"비대면 진료가 가능히다니 신기해요
진료기록도 한번에 볼수있어서 좋네요"
아이폰유전뎃,2021-12-14 06:22:17-07:00,5,0,디자인이 한눈에 보기쉬워요,디자인이 깔끔하고 뭐가 있는지 알기가 편해서 좋아요 예전 진료기록을 가져올 수 있는 점도 좋네요
니니니니니지니,2021-12-14 06:21:26-07:00,5,0,지니지니,이런 어플 넘나 필요했어요!
KR4V8KP,2021-12-14 06:14:59-07:00,5,0,정말 좋아요,비대면 진료 기능와 한눈에 알아보기 편한 디자인이 정말 좋아요!!
미밍뀨,2021-12-14 06:14:11-07:00,4,0,굿,이런 시도가 너무 좋은거같아요
깡미네,2021-12-14 06:09:04-07:00,5,0,앱이 심플하니 편하게 되어있어요,좋아요
응짜미,2021-12-14 06:08:29-07:00,5,0,비대면 의료 신박하네요,UI도 쉽게 되어 있어 좋아요
별명명별별,2021-12-14 06:08:15-07:00,5,0,사용하기 편함,앱이 비대면 서비스 등 사용하기 편하네요
라미에여,2021-12-14 06:06:41-07:00,5,0,칭찬앱,너무맘에들어요~굿굿
두복이,2021-12-14 06:06:08-07:00,5,0,메디팡팡 좋네요,메디팡팡 들어와서 보니 편리하게 잘 구성되어 있어 사용하기 편하네요
호랑호랑33,2021-12-14 06:05:37-07:00,5,0,메디팡팡을 알게 되어 좋네요!,지인의 소개로 메디팡팡이라는 앱을 알게 되었어요. 코로나 시대에 비대면 진료가 필요하다고 생각하는데 앞으로 유용하게 쓸 것 같습니다!
수진이ㅎ,2021-12-14 06:05:15-07:00,4,0,좋아용,병원가기 어려운 직장인들에게 추천해요! 비대면이 있어서 편리해요
지율율,2021-12-14 06:04:29-07:00,5,0,유용해요,추천받아서 다운받았는데 유용하네요
차차크 왕국의 자두,2021-12-14 06:03:07-07:00,5,0,좋은어플입니다!,"이런 시국에 비대면 진료 너무 유용해요
좋은 어플 만들어주셔서 감사합니다 :)"
아아히히라라,2021-12-14 06:01:54-07:00,5,0,메디팡팡,어플괜찮네여 자주 사용할것 같아여^^
당근당근뿡빵,2021-12-14 05:56:51-07:00,4,0,괜찮네요,쓰기 좋아보여요
euunie,2021-12-14 05:55:03-07:00,5,0,요즘 시국에 딱 좋은!,건강기록도 간단하게 정리할수도있고 넘 좋아요
조아요아조,2021-12-14 05:54:34-07:00,5,0,좋아요,건강기록을 한눈에 볼 수 있어 너무 편하네요
조용한I,2021-12-14 05:53:12-07:00,4,0,좋아요,약을 외울 필요가 없어서 편한거 같아요 !!
후짜증,2021-12-14 05:49:53-07:00,5,0,굿,앱이 심플한데 필요한 기능이 다 있어서 좋네요
효닝ㅇㅇ,2021-12-14 05:49:34-07:00,5,0,좋아요!!,왜 이제야 알았을까요 ㅠㅠ 넘넘 유용하고 좋아요
치즈케이크먹고싶다,2021-12-14 05:49:26-07:00,5,0,메디팡팡 최고의 앱,디자인도 깔끔하고 건강을 생각한다면 꼭 써야하는 어플입니다!
하드록0786,2021-12-14 05:46:09-07:00,5,0,앱이 쓰기 편해요,좋아요
ssya4172,2021-12-14 05:42:44-07:00,5,0,좋네요,자주 이용하겠습니다
Zzang1012,2021-12-14 05:41:45-07:00,5,0,좋아요!,코시국에 많은 도움되는 어플이에요
sosoneene,2021-12-14 05:40:56-07:00,5,0,좋아요,비대면 진료가능해서 좋아요
쌍문동골든글로브,2021-12-14 05:36:01-07:00,5,0,UI 편리함,앱 사용감 편리합니다
스르슬슬슬,2021-12-14 05:31:45-07:00,5,0,좋아요,요즘같은 시국에 적합한 의료 서비스 활용앱입니다.
지나또리또,2021-12-14 05:18:30-07:00,5,0,너무 유용한 어플이에요!! 도움 많이 받아요,너무 유용한 어플이에요! 도움 많이 받아요
별뎅이,2021-12-14 05:09:46-07:00,5,0,정말 편하고 좋아요,비대면 진료 너무 편하고 좋습니다!
sophy0527,2021-12-14 05:06:11-07:00,5,0,보기 편하게 잘 되어 있네요 ~~,보기 편하게 아주 잘 되어 있네요~~
rjswls1123,2021-12-14 04:56:35-07:00,5,0,좋아요,좋아요
서은채원맘,2021-12-14 04:56:11-07:00,5,0,알러지 반응 이제 두렵지 않네요,"같은 증상이여도 병원을 다르게 갈때마다 
알러지 반응이 있어서 걱정스러웠는데
이 어플로 인해 이제 편하게 진료 볼수 있네욤
좋은 어플 개발해주셔서 감사해요"
지렁스르,2021-12-14 04:43:43-07:00,5,0,닉네임 안적혀서요 (qweasd709) 비대면 진료 최고에요,비대면 진료 너무 좋네요 앞으로도 자주이용하고 기대됩니다 주변에도 많이 추천하고 있어요
률률빵빵,2021-12-14 04:37:30-07:00,5,0,이런 게 바로 스마트한 생활아닐까요.,건강 기록 한 번에 살펴볼 수 있고 관리할 수 있어 앱 하나로 관리 받는 기분이네요. 모두들 메디팡팡이랑 스마트한 건강관리하세요-!! 추천 천만번입니다!!
합심,2021-12-14 04:34:54-07:00,5,0,추천합니다!,"비대면 진료을 받아볼 수 있어
너무 좋습니다~~!!"
슥샥쇽,2021-12-14 04:33:26-07:00,5,0,굳국,간단하고 조아요
보르베,2021-12-14 04:16:24-07:00,4,0,간편하게 사용할수 잇어서 좋네요,간편하게 보험 심사 청구할수 있어서 너무 좋아요~~
ye1962,2021-12-14 04:14:27-07:00,5,0,대구가톨릭병원연동좋아요,다른병원도 얼른 연동되면좋겠어요
하츄핑,2021-12-14 04:14:11-07:00,5,0,편리해요,"내 약 투약 정보도 간편하고 병원 다녀오고 나서 보험금
청구도 있어서 좋아요. 뭔가 올인원 느낌! 비대면 진료도 신박하네요 ㅎㅎ"
jsuunnsz,2021-12-14 04:05:37-07:00,5,0,좋아요,"유용한 어플이네요
잘쓸게요"
qufauddhkddlek,2021-12-14 02:54:56-07:00,4,0,추천받아서 써보는데 괜찮은듯,회사랑 집이랑 멀어서 병원 이곳저곳 가느라 약 뭐로 처방받았는지 알기 좀 빡센데 이런어플 있으니까 좋네여
림뽐,2021-12-14 02:43:18-07:00,4,0,우와,지금 같은 코로나 시대에 비대면 진료라니 아주 칭찬합니다
기묘기묭,2021-12-14 02:15:29-07:00,4,0,유용한기능,좋아요
나의유니버스,2021-12-14 01:56:37-07:00,5,0,편리한 기능이 많네요,그동안 무슨약 먹었는지 약봉투 사진으로 남겼는데 이제 그럴필요없이 모두 기록으로 남으니 편리할것 같습니다. 잘 사용할게요
부우우우아아앙,2021-12-14 01:22:31-07:00,4,0,좋아요,유용한 앱 같아요
플레인08,2021-12-14 01:10:19-07:00,5,0,좋아요,의료기관 추가가 많이 될수록 더 유용해질 것 같아요
아아해,2021-12-14 00:42:35-07:00,5,0,좋아요~,약 알러지가 있어 처방받을때 주의해야하는데 어플로 예전에 어떤 약을 처방 받았었는지 확인할 수 있어 도움이 됩니다 실손청구 보험사도 확대되면 좋겠어요~!
빠요ㅗ,2021-12-14 00:29:20-07:00,5,0,좋네요^^,한눈에 보기쉽고 앞으로가 기대됩니다^^
구구수구,2021-12-14 00:27:02-07:00,5,0,비대면진료,비대면 진료가 정말 가까워 진거 같아서 더 믿을만한 앱인거같아요! 스마트 진료 좋네요
근육맨짱,2021-12-14 00:08:45-07:00,5,0,건강정보에 대해 알수 있는 좋은 어플,내 건강정보에대해 쉽게 알수 있는 어플이라 좋군요
동동땡땡땡그,2021-12-13 23:55:21-07:00,5,0,처음 알게되었는데,편리하게 사용중입니다!
샤랄라 지하철,2021-12-13 23:09:55-07:00,5,0,딱이네요,코로나시국에 비대면진료라니 넘나편한세상 새로운 앱발견에 감사합니다
도미니카순록,2021-12-13 22:52:47-07:00,5,0,기대되네요~,현상황이 부합한 원격진료 기대됩니다
eundyy,2021-12-13 22:30:39-07:00,5,0,여러 병원 기록을 한번에 확인 가능,여러 병원 기록을 한번에 확인할 수 있어서 편리해요. 앱으로 비대면 진료예약 하는 기능도 곧 사용해보려고요. 앞으로 자주 이용할 앱으로 기대가 됩니다.
넹ㅋㅋㅋㅋㅋㅋㅋㅋ,2021-12-13 22:19:20-07:00,5,0,좋아요,좋은 어플이네요 진료기록도 볼수있고 비대면진료까지 좋아요
bbang ^^,2021-12-13 20:06:06-07:00,5,0,건강앱 처음받아봐요!,"찬구소개로 다운받아봤습니다. 사용법 어려울줄 알았는데 쉽고 사용하는데 무리가 없습니다
앞으로 계속 업데이트되서 장수(?)하는 앱 되세요~"
꿀떡쓰,2021-12-13 19:55:36-07:00,5,0,괜찮은 것 같아요.,한번에 건강정보를 조회할 수 있거 비대면으로 할 수 있어 좋아요.
쩡수님,2021-12-13 19:33:03-07:00,5,0,편리합니다!!,한눈에 잘 들어오고 사용하기 아주 편리할 것 같습니다!!
medidoff,2021-12-13 18:49:39-07:00,5,0,비대면진료!,편하고 좋아요!
ghtmddks,2021-12-13 18:46:13-07:00,5,0,좋아요,진료정보가 있어서 좋네요
츄츄와라라,2021-12-13 18:12:06-07:00,5,0,너무 편리해요,비대면이라 너무 안심되고 편리하고 좋아요.
소정이쨩,2021-12-13 18:10:20-07:00,5,0,최고최공,아쥬쥬 최고에요 진짜 좋아요 굿굿
isuhosin,2021-12-13 17:35:04-07:00,5,0,너무 편해요,왜 진즉 몰랐을까요 가입이 편한건 물론이고 자주 잊어버리는 저에게 너무 유용한 건강앱입니다
조석왕,2021-12-13 16:46:08-07:00,5,0,심플하여 좋네요!,화면구성이 심플하여 보기쉽습니다^^
동백의왕,2021-12-13 16:14:14-07:00,5,0,편리해요,제가 원하는 기능이 딱 맞게 들어있어요
뽀은96,2021-12-13 15:55:39-07:00,5,0,편리해요,가입절차도 간편하고 많은 의료 기능이 좋아요 편리하고 좋은앱이라 자주 사용 할꺼같아요
투똥,2021-12-13 15:36:53-07:00,5,0,신개념 메디컬앱,신개념 메디컬앱이네요! 활성화가 잘된다면 정말 유용할 것 같아요
0801234,2021-12-13 15:35:01-07:00,5,0,메디팡팡 추천합니다,유용한 어플이에요
yoe__ni,2021-12-13 12:45:44-07:00,5,0,굳굳,생각보다 좋네용
산딸기맘,2021-12-13 11:50:29-07:00,4,0,유용한 어플!,의료기관과 연계되서 건강기록도 보고 먹은 약도 볼 수 있어서 너무 좋네요!!!
랄라라 =),2021-12-13 11:11:27-07:00,5,0,좋아요,유용합니다
재미져요재미져,2021-12-13 09:27:57-07:00,5,0,좋아요,이벤트참여해용
pinetrkb,2021-12-13 09:25:17-07:00,5,0,만족해요                      pine,다양한 정보와 비대면 진료 등 편리함 ~~~
투콩,2021-12-13 08:13:02-07:00,4,0,비대면 진료와 내가 먹는약,"유용한 정보들이 많고 내가 먹는 약까지
알려주니 쏠쏠한 어플같아오!"
부산 가지,2021-12-13 05:55:52-07:00,5,0,유용한어플,간단하게 볼 수있어서 좋아요
분홍솜사탕,2021-12-13 05:46:14-07:00,5,0,너무편리해요.,코로나시대에 꼭 필요한 어플이네요.
aquarium1522,2021-12-13 05:46:06-07:00,5,0,건강 관리에 최고!,우연히 알게 되어 설치했는데 건강 관리에 너무 편리하고 유용합니다! 지금까지 제 기록을 한 눈에 볼 수 있다니!! 앞으로 잘 이용할 것 같고 매우 만족합니다.
콩콩 이,2021-12-13 05:32:01-07:00,4,0,유용한 건강기록,"예전의 건강기록까지 나오고 
어떤 약을 처방받았는지도 알려줘서 참 좋네요
추가로 내 건강기록 공유가 되어 굳이 예전 의사의 소견서도 필요 없다는게 편리한 것 같습니다"
비비디k,2021-12-13 05:23:04-07:00,5,0,코로나 시대에,좋은 어플이네요~~
hyjhappy,2021-12-13 05:19:19-07:00,5,0,좋아요,"보기 편하고 좋아요
앞으로 자주 사용할거 같아요"
또또미a,2021-12-13 05:14:32-07:00,5,0,좋아요,편리해서 좋아용
구매내역삭제부턱,2021-12-13 05:03:06-07:00,5,0,의료기록을 한번에 볼 수 있어 너무 좋네요,시골이라 병원 한번 가는게 쉽지않은데 비대면 진료도 가능하고 보험료 청구까지 가능하니 너무 편해요!
모니카1123,2021-12-13 05:00:48-07:00,5,0,건강관리에 도움되는 어플!,"지인에게 추천받아서 가입했어요ㅎㅎ
도움되는 어플이에요!"
미라라요,2021-12-13 04:53:54-07:00,5,0,메디팡팡!!,실생활 유용 짱인거 같아요
뷰뷰븃뷰,2021-12-13 04:52:14-07:00,5,0,비대면 진료,"비대면 진료가 가능하다고 해서 사용해 봅니다
지금 시기에 좋은 어플갘앙요"
liomom,2021-12-13 04:51:55-07:00,5,0,너무 좋네요!,비대면 진료도 되고 앱도 간편하고 좋아요!
은희짱승재,2021-12-13 04:28:45-07:00,5,0,요즘세상에 딱이에요,요즘 세상에 딱 걸맞는 어플입니다 추천 꾸욱
dekiru3455,2021-12-13 04:24:15-07:00,5,0,메디팡팡 굳!!,"메디팡팡 건강기록을 한꺼번에 볼수잇어사 아주 스마트하고 기대됩니다,~ 비대면 정말 코시국에 필요합니다!!"
별이공쥬,2021-12-13 03:44:27-07:00,5,0,코로나시대에 필요한 앱,"내건강 기록을 한눈에 볼수있어서 좋네요
코로나 시대에 필요한 앱이네요"
ricottechan,2021-12-13 02:50:32-07:00,4,0,리뷰,고마워요
ㅂㅁㅎㅂㅁ,2021-12-13 01:42:11-07:00,5,0,칭찬합니다,유용한 기능이 많아서 도움이 많이 될 것 같아요 감사합니다
와이ㅇㅇ,2021-12-13 01:35:08-07:00,4,0,한눈에 들어오네요!,"건강검진할때마다 결과지를 모아놓는것도 일이고, 보지도않는데 이렇게 어플에서 한눈에 볼수있다니 좋네여"
계란조아,2021-12-13 01:33:55-07:00,5,0,추천받아 다운로드 했어요,도움이 될거같아요
미니워니해피,2021-12-13 01:29:25-07:00,5,0,메디팡팡 너무 좋아요!,"이런 유용한 어플이 있는지 알게됐네요~ 
그동안의 진료 기록을 한눈에 볼 수 있어서 너무 편리하고 좋아요!!"
lisalove0,2021-12-13 01:29:25-07:00,5,0,어플👍👍👍,잘사용할거같아요~
godsiwon,2021-12-13 00:43:29-07:00,5,0,칭찬합니다,"칭찬합니다~~ 너무 편하게 되어 있어서 좋아요 
자주 사용할게요"
아아벤티,2021-12-13 00:32:03-07:00,3,0,예약하기,더많은병원들도 참여해서 예약할수있었으면 좋겠네요
보미가을,2021-12-13 00:11:04-07:00,5,0,메디팡팡 좋아요.,나의 건강을 관리해 줘서 좋아요.
꾸밍링,2021-12-13 00:08:34-07:00,5,0,좋아요,유용한 기능이 많네요!!
미리내ㅎ,2021-12-13 00:00:21-07:00,5,0,깔끔한 앱이에요,딱 있을 거만 있는 효율적인 어플이네요
전국화주,2021-12-12 23:53:41-07:00,5,0,유용하네요,도움됩니다
한국로래듣고싶어,2021-12-12 23:40:02-07:00,5,0,좋아요 ㅎㅎ,코로나 상황에서 비대면 진료 앱이라는걸 알게 되엇는데 매우 유익할거 같아요
대봉감처럼,2021-12-12 23:31:15-07:00,5,0,굿굿굿,간편하고 좋은거 같아요 잘만들었네요 ㅎㅎ
wldnjs680,2021-12-12 23:31:02-07:00,5,0,메디팡팡 유용한어플,병원자주다니는사람으로써 어플이 유용하게 쓰일꺼같아요 진료기록도 한번에 볼수있고 다만 되는병원이 많지않다는점이 조금아쉽지만 점점 더 늘어나겠죠?
ruddk0931,2021-12-12 23:00:42-07:00,4,0,ruddk0931,잘써볼께요~
캬아다아가,2021-12-12 22:38:29-07:00,5,0,편리한 앱이네요,한눈에 이해할수 있게 만들어져서 잘 이용할수 있겠어요
에구구구구구구구귱,2021-12-12 22:36:48-07:00,5,0,편리하고 좋네요!,지인 소개로 다운 받아 사용하고 있는데 편리하고 좋네요! 간단한 사용법이라 어려움 없이 사용하고 있어요!
sunnysunnyt,2021-12-12 22:25:23-07:00,5,0,어플 좋아요!,사용하게 편하게 되어있네요~ 유용합니다!
별순별순,2021-12-12 22:13:45-07:00,5,0,편리한 어플😊,레이아웃도 보기 편하게 되어 있고 잊고 있을수 있던 내 진료기록을 한번에 확인할 수 있어서 좋아요
빵bread,2021-12-12 22:07:38-07:00,5,0,좋아요.,유익합니다.
berrymocha,2021-12-12 22:05:30-07:00,5,0,편하고 좋아요,보기 편하고 좋아요~
붕어싸만ㅋ,2021-12-12 22:03:35-07:00,4,0,요즘같은 시기에 좋은 앱,코로나시에 비대면진료도 되고 도움될 것 같습니다.
key1103,2021-12-12 22:03:23-07:00,5,0,굿굿,좋아요 요즘엔 이런어플이 필요해요
펠롱,2021-12-12 21:59:26-07:00,5,0,좋아요,잘 활용하겠습니다
wickedcarrie,2021-12-12 21:59:04-07:00,5,0,비대면진료 어플,요새는 이런것도 나오네요ㅎㅎ 유용할것 같아요
:)ㅋㅋㅊㅍㅍ,2021-12-12 21:53:03-07:00,5,0,편하네요,비대면 진료도 가능하고 약 기록도 알수 있어서 좋아요
룬누랄리,2021-12-12 21:52:15-07:00,5,0,좋아요 굿,"좋아요 도움됩니다
g"
비움2,2021-12-12 21:51:40-07:00,5,0,유용한 앱,기존 처방전도 확인할수 있고 넘 좋아용
쇼핑중8,2021-12-12 21:39:46-07:00,5,0,메디팡팡 좋아요,건강에 도움이 되는 유용한 정보들 좋아요!
지게이아으엉,2021-12-12 21:39:02-07:00,5,0,추천합니다 :),비대면 진료에 보험금 청구까지 어플 하나로 다 할수있어서 너무 좋아요!
율1638,2021-12-12 21:38:24-07:00,5,0,유용해여,유용한 정보가 많아요
파란하늘뿅,2021-12-12 21:30:50-07:00,5,0,편리하네요,"간편보험청구부터 비대면 진료까지
편리한 서비스예요"
bartpang,2021-12-12 21:29:58-07:00,5,0,좋아요!,코로나 시국에 비대면 진료 좋아요!
라라라00,2021-12-12 21:19:03-07:00,5,0,정말 유용한 앱이네요,"자주 사용할것같아요
가족, 아이들것도 볼 수 있음 좋겠네요"
쥬스클럽,2021-12-12 21:18:16-07:00,5,0,깔끔하네여,자주 사용할꺼 같아요
소망이가족,2021-12-12 21:18:15-07:00,5,0,건강정보확인,메디팡팡 통해서 더 건강해질수 있을거 같아요 !!
ㅈㄴㅂㄴㅂㅍㄴ,2021-12-12 21:15:05-07:00,5,0,좋아요,좋아요 편하게 사용할수있을것같아요
캔커피1,2021-12-12 21:14:18-07:00,5,0,메디팡팡,더 많은 연계 병원이 기록되면 좋겠어요
현로봄,2021-12-12 21:14:03-07:00,5,0,정보 좋아요,건강관리하기 좋아요 :)
민영리,2021-12-12 21:10:30-07:00,5,0,앱이 참 편리해요,부모님이 병원을 자주 다니셔서 이런 앱이 필요했는데 진료기록부터 약복용내역까지 한눈에 볼 수있어 정말 편리합니다! 앞으로 유용히 활용할게요~
호이호잇나나,2021-12-12 21:08:00-07:00,5,0,괜찮아보여요:),"어플 자체도 깔끔하고
한번에 확인 가능해서 편하고 좋아요:)"
knnyy,2021-12-12 21:05:32-07:00,5,0,좋아요,처방받은약들 확인할수있어서 좋아요!
귀염둥둥아,2021-12-12 20:58:28-07:00,5,0,좋습니다,이런 앱은 필요합니다
창천항로07,2021-12-12 20:56:54-07:00,4,0,심플해서 좋습니다,"한곳에서 한번에 관리해서 매우 유용할듯합니다
병원들이 많이 추가되면 좋겠습니다"
몬트,2021-12-12 20:56:38-07:00,5,0,좋아요,간편하고 좋아요
무병장수불로장생,2021-12-12 20:54:28-07:00,5,0,메디팡팡!,"사용자들이 너무 편리하게 사용할 수 있는 어플인 것 같습니다.
복잡하지 않고 너무 좋아요♥"
Arare0721,2021-12-12 20:51:07-07:00,5,0,필요한 앱이네요,유용하게 잘 사용해볼게요! 아이들곳도 연동 되나요??
바라보니보다,2021-12-12 20:46:37-07:00,5,0,간편하네요,깔끔하게 정리 되어 있어 너무 좋네요
곤과장,2021-12-12 20:44:09-07:00,5,0,간단가입,회원가입이 간편해서 좋습니다
투덜이짱,2021-12-12 20:40:53-07:00,5,0,비대면 너무 좋습니다,"코로나 시대에
비대면 너무 좋습니다! 간편하고 빠르게 처리되면 좋을꺼같습니다"
보헤미안옹,2021-12-12 20:32:35-07:00,5,0,메디팡팡좋아요,"흩어져있는 의료기록들을 확인할수있으니 
너무편하고 좋네요^^"
최고선영최,2021-12-12 20:30:57-07:00,5,0,서비스,마음에 드는 앱니다 속도빠르고 광고는 있는득합니다
라뉘양,2021-12-12 20:29:10-07:00,5,0,신박한앱!,"신박한 어플이네요! 비대면 진료까지 제공하다니
건강기록제공 의료기관이 더 많아지면 사용하기 좋겠어요!"
깝치미,2021-12-12 20:29:07-07:00,5,0,메디팡팡 넘 편리해요!,"앱 사용도 쉽구 넘 편리해용
비대면진료도 되고, 처방받은 약에 대해서도 알수있고
칭찬해요 메디팡팡"
Ellie2496,2021-12-12 20:25:35-07:00,5,0,부모님 깔아드렸어요,"부모님 깔아드렸는데 좋아하셨어요
깔끔해서 앱 사용하기도 쉽고 좋았어요"
긍정적인물총새,2021-12-12 20:23:25-07:00,4,0,기대합니다~,의료앱은 처음 설치해봅니다. 비대면 서비스 아직 써보지 않았지만 여러병원의 의료기록을 가져와 관리한다는 아이디어 마음에 듭니다. 다만 기록을 가져올 수 있는 병원이 상당히 제한적이네요. 확대되기를 기대합니다~
아이패드로 로블록스하는사람,2021-12-12 20:22:34-07:00,5,0,비대면 진료 신기합니다,"나의 건강을 비대면 진료로 할수 있단느것이 신기합니다
나를 관리해줄 건강앱 너무 좋아요"
pooh_mi,2021-12-12 20:20:41-07:00,5,0,좋네요,"이제 의료도 비대면으로! 
아직 이용하진 않았지만 보험금 청구도 있는듯해요 
편리할듯 합니다"
야옹냐옹애옹,2021-12-12 20:13:17-07:00,5,0,추천합니다,비대면 진료기능이 있어 좋아요!
깡이00,2021-12-12 20:03:51-07:00,5,0,비대면 진료 최고,건강기록 바로 가져올 수 있는것도 좋은데 주치의한테 직접 보내는 기능도 있어서 더더욱 좋아요 코로나 시국에 병원 가기 좀 불안할 때 비대면 진료 유용하게 쓸 것 같아요!!
J_jyeong,2021-12-12 19:58:50-07:00,5,0,기대되네요,잘 사용하겠습니다
헤이모두들안녕내가누군지아늬,2021-12-12 19:57:48-07:00,5,0,낄끔하네요,건강기록 찾기 넘 좋네요
하다11,2021-12-12 19:57:08-07:00,5,0,편해요,"개인 건강관리,근처병원리뷰 좋아요"
문학소녀가 될거야!,2021-12-12 19:54:08-07:00,5,0,좋아요,병원 기록도 불러올수있고 유용하게 잘 쓸거같아요
파랑새0606,2021-12-12 19:52:37-07:00,5,0,좋아요,편리한 기능 참 좋아요
얌얌ㅎㅎ,2021-12-12 19:43:33-07:00,5,0,앱이 활용도가 좋네요,접근하기 좋고요. 비대면이 활성화된 요즘에 이용하기 좋습니다.
차빌,2021-12-12 19:32:56-07:00,4,0,건강하게 살아요,내 건강은 내가 지킨다
고슴됴치,2021-12-12 19:32:42-07:00,5,0,좋은앱이네요!,"처방받은약을 일일히 기억할 필요 없고 안좋은 성분도 분석해서 알려주는 꼭 필요한 어플이네요
엄마에게 알려줘야겟어용"
트발거,2021-12-12 19:29:41-07:00,5,0,유용하네요,유용한앱인듯
김상쿠마,2021-12-12 19:27:33-07:00,5,0,편리하고 좋아요,편리한 앱인거 같아요 :)
긍정어린이,2021-12-12 19:26:21-07:00,5,0,코로나 시국에 정말 필요한 앱이네요,추천받아 가입했는데^^ 사용하기 괜찮구 눈에 잘 들어와요
맘오맘,2021-12-12 19:24:56-07:00,5,0,간단하고 편해요,집에서 핸드폰 하나로 이렇게 하니 편하네요
swwwwwwws,2021-12-12 19:24:04-07:00,5,0,편리해요,편리하고 좋습니다
chunsimi,2021-12-12 19:23:49-07:00,5,0,좋아요👍🏻,추천받은어플인데 사용도 편리하고 도움이 많이되었어요
ㅇㅑ옹ㅇㅑ옹,2021-12-12 19:23:25-07:00,5,0,좋아요,비대면 진료도 볼수있고 좋네요^^
정겨뚱,2021-12-12 19:22:12-07:00,5,0,유용해요,유용하고 쓸모있어요 추천합니다
movigaby,2021-12-12 19:21:17-07:00,5,0,오 좋아요!,UI가 잘 구성되어있어요 ㅎㅎ
수진입니다,2021-12-12 19:19:25-07:00,5,0,좋아요,편리하네요
아레이철,2021-12-12 19:15:27-07:00,5,0,좋아요,화면도 보기좋게 깔끔하고 편리한 기능들이 있어서 추천합니다
sikyungyou,2021-12-12 19:15:02-07:00,5,0,이런앱이 있다뇨!,이런앱이 있는줄 몰랐는데 편리하고 유용해요.
치우희연,2021-12-12 19:14:31-07:00,5,0,좋네요,비대면 기능도 있고 신기하네요^^
&purgi,2021-12-12 19:14:29-07:00,5,0,좋아요,좋은것같아여~
무니올,2021-12-12 19:08:51-07:00,5,0,어플이 한 눈이 볼 수 있어서 좋아요~,코로나시대 비대면 서비스 가능하구 어플이 깔끔하게 배치되오있어 원하는 정보와 서비스 잘 찾을 수 있어요~~^^
로그인이 하고 싶다,2021-12-12 19:06:28-07:00,5,0,편하네요,한눈에 볼수 있어 편하네요~~
nicehyuk91,2021-12-12 18:50:18-07:00,5,0,좋은앱,아직 써보지 않았지만 써볼계획입니다 감사합니다 편안하게 진료 볼수있어서좋은거같아요
허하ㅠㅛㄴ,2021-12-12 18:21:07-07:00,5,0,굿,병원예약과 관리하기에 편리할듯 비대면진료기능도 있어서 좋네요
shyhoony,2021-12-12 17:20:25-07:00,5,0,좋아요,"의료앱중에서 최고에요
좋은앱 만들어주셔서 감사합니다"
Relove02,2021-12-12 16:04:51-07:00,4,0,메디팡팡 추천,병원자주 가시는 분들에게 유용한 앱인것같아서. 추천드려요!!
mogmog3981,2021-12-12 16:02:18-07:00,5,0,유용합니다..,감사합니다
메딩팡,2021-12-12 15:45:55-07:00,5,0,스마트 진료 서비스 좋아요!,"이전 진료내용을 이용하여 스마트 진료를 할 수 있다는 아이디어에 놀라고, 앱 사용도 쾌적하네요!!"
워티222,2021-12-12 15:42:52-07:00,4,0,편리한앱입니다.,많은 병원참여 바랍니다.
다다다음카풰,2021-12-12 15:41:43-07:00,5,0,좋아요,비대면 병원예약서비스가 만족스럽다!
뚱이19,2021-12-12 15:38:09-07:00,5,0,좋은 어플이네요,"블로그에서 다운받으면 스타벅스 쿠폰도 준다하길래 다운 받고 둘러보니깐 유용한 어플 같네요 깔끔하네요 
앞으로 이용해보겠습니다 감사합니다"
큰경진,2021-12-12 14:25:03-07:00,5,0,어플 너무 좋아요^^신세계 입니다~,"비대면 진료기능과 진료기록까지 다양하네요.
사용하시 너무 편히라고 간편해서 자주 사용할거
같아요^^"
"환불해주세요12,()",2021-12-12 11:35:31-07:00,5,0,편해요,진료 기록도 볼 수 있고 가입도 간편하고 만족해요 :)
저절로암이,2021-12-12 09:03:23-07:00,5,0,추천,간편하게 볼 수 있어서 좋아요
sallysw1212,2021-12-12 08:45:30-07:00,5,0,아주 유용,한 어플입니다.
123&3338,2021-12-12 08:33:35-07:00,4,0,간편해요,가입도 간편하고 비대면진료예약도 할수있고 청구도 할수있네요 편합니다
오예스1,2021-12-12 07:06:23-07:00,5,0,잘 사용할 것 같아요,진료기록을 한번에 모아볼 수 있어서 좋고 어플도 사용하기 편리하게 되어있어서 나중에 잘 쓸거 같네요!
율무언니11,2021-12-12 05:47:23-07:00,5,0,굿,"진료기록을 한번에 볼수 있어서 좋아요
더 사용해볼께요
지속적인 업데이트 부탁드려요"
으아잉용,2021-12-12 03:50:16-07:00,5,0,리뷰,다운받아서 사용해보는대 처음써봐서 아직 어렵지만 적응하면 엄청 유용할꺼같네요 추천
엣껄,2021-12-12 03:41:06-07:00,5,0,메디팡팡,비대면으로 진료도 보고 진료 내역도 볼수 있어 좋아요~^^
무비무빈,2021-12-12 03:21:27-07:00,5,0,메디팡팡 좋아요!,우연히 알게돼서 설치해봤는데 관리가 쉽고 비대면 진료가 가능해서 좋아요 할머니 할아버지랑 살다보니까 꼭 필요한 시스템이란게 와닿음 굿굿
rldnd8787,2021-12-12 01:11:50-07:00,5,0,메디팡팡,의료 서비스 정말 좋음 앱입니다
hytton,2021-12-11 23:42:48-07:00,5,0,좋아요 편해요,편리한 디자인이어서 좋아요! 비대면 시대에 정말 좋네요 추천해요
LennonJackson,2021-12-11 23:32:28-07:00,5,0,괜찮은 앱이에요,선강을 관리한다는건 중요한것이지요.
아이폰5 된다,2021-12-11 23:22:35-07:00,5,0,편리한 비대면 어플이네요,편리한 비대면 어플이네요
행복한망개,2021-12-11 23:20:50-07:00,4,0,편리합니다,비대면 진료 및 기존 병원진료도 한눈에 볼 수 맀어 편합니다.
이찌니찌투,2021-12-11 22:22:14-07:00,5,0,오…내가 처방받은 약 뭔지 나와요.,신기하네요. 생각보다 유용한데요???굿굿 더 많은 병원이랑 연계되면 더 잘 활용할 것 같습니다.
알밤7,2021-12-11 22:06:57-07:00,5,0,매디팡,생각보다 편리하게 만들어진 앱입니다
두둥이파파,2021-12-11 21:35:14-07:00,4,0,메디 리뷰,좋은 앱 감사합니다
Cfeaop11,2021-12-11 19:47:23-07:00,5,0,좋아요,잘 만들었네요! 편리하네요
뿔난 심슨,2021-12-11 19:45:32-07:00,5,0,내가 먹고있는 처방전을 관리할 수 있어 좋습니다.,굿굿굿
PARK7275,2021-12-11 18:53:48-07:00,5,0,자동 의료기록 가져오기,넘 좋네요
꼬태밍,2021-12-11 17:13:09-07:00,5,0,좋아요,건강기록이나 비대면등 편리하게 내 건강기록을 볼수있어서 좋아요
nice9673,2021-12-11 16:51:46-07:00,5,0,완전 깜짝 놀랐어요 !!! JeanGray,"이렇게 간단하게 인증하면서
과거 진료기록을 확인할수록.있다니
앞으로는.비대면진료도 가능해진다고 하니
더욱기대가.됩니다."
집스라이,2021-12-11 16:08:17-07:00,5,0,유용하네요,비대면 진료 유용하네요
닥스발,2021-12-11 08:15:52-07:00,5,0,좋네여,좋아요
에렌제이,2021-12-11 07:28:24-07:00,5,0,좋아요,앱 정말 잘만든거 같습니다 잘 쓸게요
무무무뫠,2021-12-11 07:17:49-07:00,4,0,메디팡팡,좋아요
다니다닝다,2021-12-11 06:49:13-07:00,5,0,간편하고 좋아요,간편하고 좋아요
쿨가이수야,2021-12-11 06:28:29-07:00,5,0,진료기록을 한눈에 볼 수 있어 편하네요,그동안의 기록을 한번에 볼 수 있어서 좋네요
조아요웅우아,2021-12-11 06:25:26-07:00,5,0,추천합니다,진료 기록을 불러올수있고 앱이 직관적이어서 사용하기 편리합니다
송파맨,2021-12-11 06:14:41-07:00,4,0,써볼법,써볼법한 앱인갓같아요!
김배지타,2021-12-11 06:12:36-07:00,5,0,건강검진 기록 다나와요!,한번이 건강검진 기록 다 볼수잇어서 좋아요 :)
루피ㅣㅣ,2021-12-11 06:04:36-07:00,5,0,어플짱좋아요,이런어플은 필수로 가지고 있어야해요:)
당근이당당,2021-12-11 05:56:56-07:00,4,0,기대합니다,건강과 관련된어플이라 기대합니다
doododofkfkfn,2021-12-11 05:56:38-07:00,5,0,편하네요,편하고 좋네요
소꾸돼지,2021-12-11 05:53:58-07:00,5,0,추천합니다,"추천합니다 앱을 쓰면서 너무 편하네요
같이 다운받으셔서 사용해요 추천합니다"
gyduf21,2021-12-11 05:46:21-07:00,5,0,유용하니용,"너무 유용한 어플이네용!!!
건강체크도 하고 넘 조아용!!"
샤니아빠,2021-12-11 03:38:33-07:00,5,0,메디팡팡 이렇게 편할 수가..,"그 동안 컴퓨터 엑셀에 진료기록을 담아뒀었는데 그럴 필요가 전혀 없어졌습니다. 정말 내 건강을 쉽게 관리할 수 있게 되었습니다. 

다만 민감한 개인정보이다 보니 무엇보다 보안, 정보 관리에 만전을 기해주셨으면 합니다. 

100시대 꼭 필요한 앱~!
앞으로 더 발전하시길 바랍니다."
쿨가Ol,2021-12-11 03:03:53-07:00,4,0,너무 편해여,스벅주세여 해헤헿
rosaru,2021-12-11 01:52:12-07:00,5,0,이런 어플이 있다니,부모님께 추천해야겠네요 너무 좋습니다~
메리츠화재,2021-12-11 00:42:13-07:00,5,0,굿,메디팡팡 간편하게 건강관리 할 수 있어 좋아요 앞으로도 더 좋은 컨텐츠 부탁드립니다!
홀홀ㄹ,2021-12-11 00:03:56-07:00,5,0,비대면,"비대면진료가 젤 강점이고 진료기록을 한번에
볼수있어 좋아요"
sw011258,2021-12-10 23:36:18-07:00,5,0,조아용,한눈에 진료기록들을 볼수 있어서 좋아요
과일향기2,2021-12-10 21:18:25-07:00,5,0,잘사용해볼께요,아직 저장된 데이터가 많지랂아서 확인을더 해봐야겠지만 유용할것같네요
Skdus12@@,2021-12-10 20:57:46-07:00,4,0,요즘처럼,비대면시대 메디팡팡짱입니다!
hjhysh,2021-12-10 20:10:41-07:00,5,0,편하고좋아여,편하고 좋아요 ㅋ 추천하고싶은 어플
Alejandro Jeong,2021-12-10 19:43:09-07:00,5,0,사용하기 편하게 되어있어요 :),한눈에 보기 좋게 되어있어서 편합니다!
ziyoh,2021-12-10 19:22:45-07:00,5,0,좋네요~~,건강검진 기록내역이랑 병원기록이 다 조회되서 한눈에 확인할 수 있다는게 좋네요!!
ㄹㅇ쎄,2021-12-10 18:43:22-07:00,5,0,아주좋아요,굿입니다
젠느네르,2021-12-10 18:22:15-07:00,5,0,추천,간결하고 보기좋게 되어있네요
Wook1990,2021-12-10 17:59:53-07:00,5,0,기대가 됩니다.,이용하고싶었던 정보들을 쉽게확인할수았네요
ㅊlㅊl,2021-12-10 16:08:48-07:00,5,0,메디팡팡,건강체크 꾸준히!
마구쟁이,2021-12-10 15:14:18-07:00,5,0,유용한 것 같습니다.,나이먹어가면서 건강에 대한 관심이 높아지고 있던 찰라에 이런 앱을 알게되서 다행입니다. 앞으로 좋은 기능 많이 업뎃해주세요
토르 팅김,2021-12-10 08:31:34-07:00,5,0,편리한 앱!!,평소 앓고있던 병이나 증상을 기록해서 가까운병원도 찾아주는 진짜 편리한 앱입니다!!! 많이 사용해보세요ㅎㅎ
tweetyks,2021-12-10 07:59:36-07:00,5,0,진료기록 볼 수 있어 좋아요.,어머니가 복용하시는 약을 확인할 수 있으니 편하고 좋아요. 진료 기록을 확인할 구 있는 것도 편하고 좋내요.
Cosly555,2021-12-10 04:20:38-07:00,5,0,좋은앱걑아요,편리한것같야오
마기래쇼,2021-12-10 04:12:36-07:00,5,0,완전 짱이니요,"유용한 어플 너무 감사합니다 
건강관리가 훨씬 수훨해졌어요
이제야 알게되서 다행이네요"
숱탱,2021-12-10 03:40:51-07:00,5,0,조작이 편리해요,어르신들도 배우면 금방 따라합니다!
루터777,2021-12-10 03:26:38-07:00,5,0,너무 좋은 어플이네요!,도움이 많이 됩니다.
짱이다대박ㄱ,2021-12-10 03:11:52-07:00,5,0,신선해요!!,이런 어플은 처음이에요 기록을 한눈에 볼 수 있다니
JGLEE81,2021-12-10 03:02:36-07:00,5,0,메디팡팡,"대학병원에서 진료받았던 내역들을 한번에 가져올 수 있어 좋아요. 병원별로 전화걸어 확인할 필요없어 간편하게 내 기록을 볼 수 있어 좋네요
비대면 진료도 가능하니 요즘 같은 시기에 더더욱 필요한 앱인 것 같아요"
skycocosw,2021-12-10 02:43:27-07:00,5,0,굿굿,편리해요
낮은소음,2021-12-10 02:24:09-07:00,5,0,앱으로 진료를?,스마트폰 앱으로 비대면 진료를 받을수있다니
시크릿쀼쀼,2021-12-10 01:57:33-07:00,5,0,앱 좋아요,간단하고 편리하게 진료받을 수 있어요! 진정한 이시국 앱👍🏻 미래를 내다보는 앱이에요
kangsujin85,2021-12-10 01:45:32-07:00,5,0,좋은앱감사합니다,잘사용할게요
부산써니닷,2021-12-10 01:43:15-07:00,5,0,메디팡팡 ㅎㅎ굿👍,건강을 생각할 나이가 되다보니 이어플 좋은거 겉아요
올해 왕,2021-12-10 01:18:01-07:00,4,0,설치완료,"앞으로 잘 사용해볼께요
기대합니다"
쫑쫑이이이,2021-12-10 01:13:34-07:00,5,0,비대면,비대면진료도 요즘같은 때엔 필요하다고 생각해요 유용한 앱이 될거같아요
pmh8808,2021-12-10 01:12:15-07:00,5,0,편리해서좋아요,제가복용하는 약을 한번에 볼수있어서 좋습니다. 진료예약까지 할수있어서 병원가기 편하네요
유주맘,2021-12-10 00:51:21-07:00,4,0,메디팡팡,좋아요.
애플파이777,2021-12-10 00:50:32-07:00,5,0,의료 4차산업혁명,의료분야의 4차산업혁명이라 생각합니다.
유주유찬,2021-12-10 00:50:26-07:00,4,0,메디팡팡,좋아요
써니무니포에버,2021-12-10 00:31:48-07:00,5,0,팡팡,"메디팡팡 좋아보이네요.
다만 의료정보가 공익적 목적으로만 활용되고 보험사 등에 넘어가지 않기를 바랍니다."
따따오기,2021-12-10 00:28:15-07:00,5,0,편하네요,진료기록이 총망라되어있어서 좋아요
MMMMMMM!!!,2021-12-10 00:27:27-07:00,5,0,매디팡팡,비대면진료가 되서 좋은거 같아요
짠짠ㅇ,2021-12-10 00:18:29-07:00,4,0,기대됩니다,비대면 진료 앞으로가 기대되요
kyungjiny,2021-12-09 23:59:10-07:00,5,0,정말 편리하네요~,직관적으로 원하는 메뉴를 잘 찾을수 있게 UI도 잘되어있고.. 요즘같은 시국에 비대면 진료가 가능한 것도 그리고 또 그 모든 기록들을 저장해두고 확인할 수 있다는 점이 매우 좋습니다~!
운뚠뚠,2021-12-09 23:57:21-07:00,5,0,추천합니다!,메디팡팡 추천합니다!
behappyyyyy,2021-12-09 22:50:54-07:00,5,0,메디팡팡 앱 편리하고 좋아요,"건강기록을 편하게 볼 수 있어서 좋아요
비대면으로 병원 진료를 볼 수 있어서도 편리하구요.
좋은 앱 만들어주셔서 감사합니다!"
응믐는,2021-12-09 21:55:37-07:00,5,0,좋아요,"좋아요 이시국에 비대면 진료도 좋고 ! 
진료기록남는게 생각보다 유용하고 좋네요"
byeoleeeee,2021-12-09 21:12:01-07:00,5,0,good,good
율맘맘,2021-12-09 21:00:17-07:00,5,0,좋아여,메디팡팡 조아요 의료기록 확인 할수 있어서 여러모로 편하고 좋네요
아주신나,2021-12-09 20:44:58-07:00,5,0,사용하기. 편리하게 되어있네요,자주 이용할거 같습니다ㅜ  감사합니다
hil01007,2021-12-09 20:44:42-07:00,5,0,메디팡팡,생각보다 편리하게 모아두어서 보기 편해요
스타터패구구먀,2021-12-09 20:37:07-07:00,5,0,추천합니다,사용하기 편리해요
헤일리R,2021-12-09 20:05:24-07:00,5,0,좋아요 ~,어플 깔끔합니다 너무 좋아요!
백의의전사,2021-12-09 19:47:13-07:00,5,0,간단한 정보를,볼수 있어서 좋아요 많이대중화되길
수둥듕이,2021-12-09 19:30:13-07:00,5,0,코로나시국에 최적화된 어플❤️,아직은 업데이트가 완벽하게 된 느낌은 아니지만 진료기록을 한번에 모아볼 수 있고 시간의 흐름에 따라 건강체크를 할 수 있어 너무 편리해요!  코로나 때문에 병원에 가기도 꺼려지고 번거로웠는데 메디팡팡 어플은 비대면으로 진료까지 가능하다니.. 이 시국에 정말 유용하고 스마트한 어플이 개발된 것 같아 너무 좋네요
skwpf,2021-12-09 19:24:47-07:00,5,0,좋아요,"진료기록 가져오는 것도 편하고 모든 진료를 볼 수 있어 여러모로 장점이 많은 것 같아요 
코로나로 심각한 시대에 걸맞게 비대면 진료도 할 수 있다니 신기합니다."
설411,2021-12-09 18:40:39-07:00,5,0,리뷰,유용하고 좋아요
천억만들기,2021-12-09 18:38:28-07:00,5,0,간단하고 편리한 앱,간단하면서도 쉽게 이용할수 있음
뉸뉴우냔냐아,2021-12-09 17:06:05-07:00,5,0,비대면 진료 굿굿,비대면 진료 굿굿
Jiny212,2021-12-09 16:48:06-07:00,5,0,굿,굿b
미녕ㅇ이,2021-12-09 16:39:22-07:00,5,0,이런시국,이런시국에 비대면 진료 효율적이네요
상어와호랑이,2021-12-09 15:46:39-07:00,5,0,앱사용하기 편해요,앱사용하기 편해서 추천합니다~
카카루치아,2021-12-09 15:33:11-07:00,5,0,메디팡팡 좋아요,한곳에서 확인가능해서 편리합니다. 짱짱
황보억,2021-12-09 14:44:05-07:00,5,0,좋은 앱을 알게 되었네요.,"직관적인 UI부터 마음에 드는데, 
병원에 가지 않고 비대면 진료를 받을 수 있다는
시스템이 참 신박하고 좋은 장점인 것 같아요."
왜다잇는이름이래,2021-12-09 06:55:03-07:00,5,0,좋아요,유용해요 ㅎㅎ
neullllll,2021-12-09 06:39:42-07:00,5,0,좋아요 !!,"진료 기록을 다 볼수있어서 너무 편리하고 유용하네요 !!!
자주 애용할것 같아요 ㅠㅠ !!👍🏻"
뺑이맘,2021-12-09 06:30:53-07:00,5,0,좋다고 많이 들엇어요,좋다고 주위에서 하도 그래서 드디어 다운 받아봅니다 ^^ 요즘 병원 자주다니는데 ㅠㅠ 요 어플로 유용하게 다녀볼 생각이에용~^^
avectoi2,2021-12-09 06:11:11-07:00,5,0,비교적 사용이 용이해보여요,"스마트진여, 비대면 진료도 가능하고 비교적 접근성, 편리성을 모두 갖춘 것으로 보여요 더 사용해보고 만족도를 평가해볼까해요^^"
수빠99,2021-12-09 05:57:05-07:00,5,0,비대면 편리하네요~,좋아요~
별점팡,2021-12-09 04:28:18-07:00,5,0,메디팡팡,진료기록 모아 볼수 있어서 편리해요 비대면 진료도 있어 안전해서 좋아요!
자담치킨,2021-12-09 03:49:48-07:00,5,0,지인 통해서 알게됬어요,편하게 사용할수있을거같아요^^
밥통소녀,2021-12-09 02:12:02-07:00,5,0,비대면진료 좋아요!!,병원에서 근무해서 정작 저는 병원을 잘 못가는데 비대면진료 꼭 필요해요!!
요ㅠㄹㅅ,2021-12-09 02:05:02-07:00,5,0,팡팡,좋으네여
노소심,2021-12-09 01:59:56-07:00,5,0,앱 좋네요!,비대면 시대에 이런거 너무 좋아요. 앞으로 잘 활용할것 같아요
광고시러,2021-12-09 01:37:25-07:00,5,0,의료기록 관리가 편해져서 좋아요!,병원 여럿 다니면서 의료기록 관리하기 힘들었었는데 이런거 생겨서 너무 좋아요!
달쭌이22,2021-12-09 01:22:14-07:00,5,0,좋아요,굳
데니얼스쿠쿠,2021-12-09 00:56:47-07:00,5,0,ui가 상당히 편하게 되어 있네요!!,많이는 아니더라도 가끔 쓰기에는 정말 좋은 앱 인것 같습니다
뿌에에엥에ㅔ엥,2021-12-09 00:55:47-07:00,5,0,어플 사용 편해요,언제든지 건강상태 확인할수 있어서 편하고 좋아요
오월의개,2021-12-08 23:59:00-07:00,4,0,보기 편한 것 같아요,보기 편하게 제작된 앱 같아요. 유용하게 사용해보겠습니다.
Onhnmam^^,2021-12-08 23:33:18-07:00,5,0,진짜편해요,너무 편리하고 유용하네요
니구자니,2021-12-08 23:32:25-07:00,5,0,유용한 어플이네요,"비대면 진료도 유용하고 좋네요.
앞으로 연계된 병원들이 더 많이지면 좋을것 같네요.
건강기록을 한눈에 파악할 수가 있어서 건강관리에 아주 유용합니다."
무형광비숑,2021-12-08 23:10:04-07:00,5,0,앱 좋아요,건강관리 메디팡팡으로 하려고요
상사랑,2021-12-08 22:40:13-07:00,5,0,메디팡팡화이팅,메디팡팡화이팅
잘작동됨,2021-12-08 21:48:28-07:00,5,0,긋,꼭 필요한 앱
나야..$,2021-12-08 20:49:56-07:00,5,0,넘 좋은 앱이네요. ^^.,진료내역을 한 눈에 편하게 확인할 수 있어 많이 유용할 것 같습니다. 그리고 비대면 진료도 가능하다니 넘 기대되네요. ^^.
개님아뭐,2021-12-08 20:40:55-07:00,5,0,메디팡팡 좋아요,메디팡팡 좋아요
달수아빠,2021-12-08 20:28:57-07:00,5,0,좋으네요,그런데 암호화 했으면 좋겠네요 자동로그인 해놓으니까 따로 암호화프로그램은 없어서 불안하긴합니다
은비은비,2021-12-08 20:17:11-07:00,5,0,오오오 좋은거 같아요,건강지켜야죠 메디팡팡 칭찬해
뀰꿀잉,2021-12-08 20:12:53-07:00,5,0,굿이에오,편하고 좋네용:) 잘쓰겠습니다
두설,2021-12-08 19:43:04-07:00,5,0,휼륭합니다,병원에서 진료 받고 처지 받은게 한눈에 보여서 좋습니다
코스트코걸,2021-12-08 19:15:46-07:00,4,0,코로나에 딱 좋아,필요한앱이예요..
알까기알까,2021-12-08 18:43:14-07:00,4,0,좋아요!,편리합니다 ^.^
매우 화가남,2021-12-08 18:41:33-07:00,5,0,코로나 시국에 딱 맞는 어플,비대면으로 진료기록을 다 알수있고 진료도 가능하여 너무 편리합니다
8282부탁,2021-12-08 18:21:09-07:00,5,0,좋아요!,"비대면으로 가능하고, 예전에 진료봤던
내용들도 볼 수 있어서 간편하고 좋네요!"
ne2u2choi,2021-12-08 18:19:42-07:00,5,0,좋네요,어플 사용하기 깔끔 하니 좋네요
fieuo,2021-12-08 18:13:09-07:00,5,0,메디핑팡 좋네요,사용하기 편하고 좋은 기능들이 많은거 같아요 깔끔하고 좋아요
백돌피니,2021-12-08 18:04:03-07:00,5,0,요즘 시국에 딱 맞는 어플!!,어플 디자인도 깔끔하고 사용하기 쉽게 되어있어요 ㅎ 지금 시국에도 적절한 어플이네요 👍🏻
새벽에깬사람,2021-12-08 17:34:55-07:00,5,0,비대면이 되다니,"아침방송에서 들었던 내용인데
비대면 진료가 되네요?
얼마나 정확할지는 모르겠지만
요즘같은 시기에 필요한 앱이라고 
생각하여 가입합니다."
Khiiii,2021-12-08 17:23:29-07:00,5,0,메디팡팡 유용해요,앞으로 더 많은 의료기관이 함께했으면 좋겠어요!
ㅓㅗㄹㄷ478,2021-12-08 16:44:54-07:00,4,1,한눈에 보기 좋게 되어 있네요.,"진료기록이 한눈에 보기 좋게 되어 있네요.
실손 보험금 청구가 빨리 확대되면 좋겠네요."
해피1231,2021-12-08 16:32:37-07:00,5,1,너무 좋아요,열심히 사용할꺼같아요 수고하세요
따얏,2021-12-08 15:30:52-07:00,5,0,너무 편하고 좋네요,코로나 시국에 비대면으로 진료도 가능하고 예약하기 편하고 UI도 보기 편하네요
say01010,2021-12-08 14:25:33-07:00,5,0,간편한 앱이네요,편하게 사용가능합니다
샬롬22,2021-12-08 13:48:04-07:00,5,0,👍🏻👍🏻👍🏻👍🏻👍🏻,최근기록이다나오니너무좋은것같아요
2cooool,2021-12-08 08:28:30-07:00,5,0,굳,"비대면 진료라니 너무 좋아요
유용하게 쓰입니다"
ljyksk04,2021-12-08 07:33:02-07:00,3,0,좋은 시도네요,"꾸준히 정기적으로 다녀야하는 내과, 소아청소년과, 가정의학과등 비대면 진료 예약시도가 좋으네요. 하국의 의료규제가 원격진료에 대해 좀더 완화되고 이 앱에 참여하는 의료기관이 더 많아지면 좋겠어요. 
건강기록, 약처방기록도 모아주는 기능 좋은데 참여 의료기관이 별로 없어서 ㅜㅜ"
홍광표님,2021-12-08 07:08:40-07:00,5,0,유용합니다,진료기록은 한눈에 확인할 수 있어서 매우 유용합니다 진료도 비대면으로 가능해서 이용하기가 너무 편리합니다
탱탱이누나,2021-12-08 06:44:11-07:00,5,0,요즘 시대에 딱!!,비대면으로 간편하고 편리해서 좋아요!!
주니야,2021-12-08 06:37:31-07:00,5,0,유용한 앱입니다,코시국에 좋은앱이네요
네꼬리,2021-12-08 06:17:04-07:00,5,0,코시국에,유용한 어플이네요 부모님이랑 아이들 데리고 병원 자주가는데 유용하게 쓰고 있어요 감사합니다
광년이꽃분이,2021-12-08 05:41:43-07:00,5,0,메디팡팡 앱 칭찬해요~,"내의료기록을 자동으로 불러와서 볼수 있어서
편리하네요~ 
최고최고👍🏻"
문오팡팡,2021-12-08 05:30:05-07:00,5,0,메디팡팡,건강한 앱 메디팡팡 좋아요
아런나너어ㅓㅇ더,2021-12-08 03:54:01-07:00,5,0,메디팡팡,메디팡팡 너무 좋아요 ^____^
시험에 찌든 k고딩,2021-12-08 03:32:31-07:00,4,0,메디팡팡,좋음
root0909,2021-12-08 03:30:45-07:00,5,0,좋아요,건강기록 볼 수 있고 비대면 진료도 마음에 듭니다
몽뭉몽ㅇ,2021-12-08 03:18:40-07:00,5,0,편리한어플이네요!,의료기록을 한번에 볼 수 있는 어플 이라니 유용할 듯 해요. 많은 병원이 추가되면 좋을 것 같네요!
붐부짱,2021-12-08 03:02:20-07:00,5,0,비대면,진료기능 편리하게 이용할수있을것 같아요
거지같은 내팔뚝,2021-12-08 02:51:10-07:00,5,0,깔끔한 앱,"비대면 진료와 건강, 먹은 약까지 관리 가능하고
알려주네요
앱이 복잡하지 않고 깔끔하게 되어있어서 시용하기 편합니다"
skybluple,2021-12-08 02:42:22-07:00,5,0,편리한 의료 어플,코시국에 아주 유용한 앱 같네요
갹순,2021-12-08 01:14:29-07:00,4,0,새로운 앱,스마트 진료등 내가 예전에 받았던 진료 등등 알 수 있고 주치의와 공유할 수 있어서 조금더 편리하게 진단 받을 수 있는 내용이 좋았습니다
룰루소,2021-12-08 00:57:17-07:00,4,0,메디팡팡,좋은정보 감사합니다!
열레~~~,2021-12-08 00:15:23-07:00,5,0,메디팡팡 칭찬도 팡팡,"시국에 맞는 어플인거 같아요
비대면 진료라니~ 너무 좋은 서비스인거 같아요
보험서비스까지 있는데 제가 가입한 보험은 아직 제공 전인거 같아서 아쉽지만 나중에 보험사들도 추가되면 좋을거 같아요~~~"
사랑랑둥둥이,2021-12-08 00:08:51-07:00,5,0,편하게 사용할 수 있어서 좋아요,간단해서 잘 사용하고 있어요
Effy262678,2021-12-07 23:48:06-07:00,5,0,깔끔하고 편리하네요,UI가 깔끔해서 보기 너무 편하고 꼭 필요했던 앱이네요
nangoori,2021-12-07 23:13:58-07:00,5,0,앞으로도~,"사용을 쭉 해봐야 알겠지만, 내가 다녀 온 병원의 진료 기록을 한 거번에 볼 수 있어서 편리하게 이용 할 것 같아요. 앞으로 꾸준한 관리와 개발 부탁드려요~"
icboiop,2021-12-07 23:09:00-07:00,5,0,좋네요,코로나가 요즘 더 심해졌는데 비대면으로 할 수 있으니까 좋네요!
주미아,2021-12-07 23:00:25-07:00,4,0,한번에 싹~,한번에 진료기록 나오니까 좋네요 일일이 찾아보지 않아도 되구 보험계약이랑 할때도 유용하겠어요
youpromise,2021-12-07 22:13:38-07:00,5,0,굿굿,비대면 진료 기능이 유용합니다
영교미,2021-12-07 22:10:10-07:00,5,0,간편해요,"이전 내 건강기록을 가져올 수 있다니 너무 간편해요!
비대면 진료예약도 정말 좋네요"
특급질풍,2021-12-07 22:02:16-07:00,5,0,내 건강에 관심을 가지게 만드는 앱,"사실 자신의 건강에 크게 관심을 가지는 것은 아프고 난 후 아니면 쉽지 않은 것 같은데
병원 진료 내역이나 여러가지 건강 정보를 확인할 수 있게 해 줘서 너무 좋아요."
마틸다레옹,2021-12-07 21:47:23-07:00,5,0,앱 칭찬합니다,편리하게 병원이용이 가능할듯합니다
느키,2021-12-07 21:41:37-07:00,5,0,건강기록 다 조회되서 좋아요,인터페이스 깔끔하고 건강기록 다 볼수 있어서 신기하고 유용합니다
상자07,2021-12-07 20:35:44-07:00,4,0,편리하네요,써본지 얼마 안되었지만 편리하네요~~
스타벅스버억,2021-12-07 20:23:29-07:00,5,0,유용한 어플,"쪼아요 ^,^"
Mongyou girl,2021-12-07 20:20:09-07:00,5,0,앱 디자인,앱 깔끔합니다~
베리스텔라,2021-12-07 20:17:47-07:00,4,0,베리베리) 발전이 기대되는 앱이네요,"그동안의 진료&조제기록을 일목요연하게 확인할수있어서 매우 편리하네요~ 제가 다니는 3차병원 및 과거 일부기록은 연동되지 않아서, 서비스 대상 자료가 더욱 확대대길 기대합니다^^"
Ongchan,2021-12-07 19:58:15-07:00,5,0,최고의 앱입니다,"병원에 가보지 않고도
건강상태 체크할수 있어서 좋아요~

추천드립니다"
